Commit;Autor;Email;Data;Mensagem;Eh_Merge
a2358811a7f4ff77b59ea4e723d1b1b83c6d9aae;Thiago Soares de Souza;thiago.souza@granitopagamentos.com.br;2025-05-30 18:38:09 +0000;Merged PR 12152: PBO-26827-Correcao-ordem-tipos-lancamentos-Ajuste na ordem de tipo de lançame...;SIM
7c77b870887f05a7a339854d7111ba87e9afda57;Thiago Soares de Souza;thiago.souza@granitopagamentos.com.br;2025-05-30 12:21:34 -0300;PBO-26827-Correcao-ordem-tipos-lancamentos-Ajuste na ordem de tipo de lançamento.;NAO
c0a55ea5c56d2484662c11fef7d8afd045c3ffde;Diego Coelho da Silva;iventis.36817@granitopagamentos.com.br;2025-05-28 16:54:10 +0000;Merged PR 11995: fix: retirar alteração usada para teste de carga;SIM
ecfc32f37195074d11cafdd21cbca9d336e478c3;Thiago Soares de Souza;thiago.souza@granitopagamentos.com.br;2025-05-27 16:54:04 +0000;Merged PR 12079: GDP-102-Transacoes-Pedagios-FADAMI-parcialmente-indisponiveis - Ajuste para a...;SIM
1ff3778b72afff93e48e4523920960f2bdf63d52;Thiago Soares de Souza;thiago.souza@granitopagamentos.com.br;2025-05-27 11:48:27 -0300;GDP-102-Transacoes-Pedagios-FADAMI-parcialmente-indisponiveis - Ajuste para atualização de chave HS256key;NAO
709c478cc0cf64d52a6aa2bfa8bbf5b3378971b8;Diego Coelho;iventis.36817@BGNT-0104;2025-05-21 15:12:38 -0300;fix: retirada alteração para teste de carga;SIM
d542682e4d8b678a4dc35d2a85f22a89f1b99ef9;Diego Coelho;iventis.36817@BGNT-0104;2025-05-21 15:06:38 -0300;fix: Retirada de Alteração para teste de carga;NAO
b37d7bb0e0665bfc612bbda36a3607aa4e026278;Diego Coelho da Silva;iventis.36817@granitopagamentos.com.br;2025-05-21 15:54:03 +0000;Merged PR 11968: fix : Correções processamento relatorio de remuneracao;SIM
8cadbb5e53e4d9e545dcaf7cf0400a32450dd4d8;Diego Coelho da Silva;iventis.36817@granitopagamentos.com.br;2025-05-21 14:38:57 +0000;Merged PR 11972: fix: Limitar datas futuras datapicker;SIM
a21f749a68cd5b1c1dbb43d6d842b06c5ab0942a;Carlos Eduardo Cavalcante Junior;carlos.junior@granitopagamentos.com.br;2025-05-21 12:47:17 +0000;Merged PR 11986: pagins tls;SIM
98683f2c7b99b0d4955e19bb86f08e59f6c45614;Carlos Junior;carlos.junior@granitopagamentos.com.br;2025-05-21 09:39:32 -0300;merge;SIM
3204427d181fe12b4a27f94719043fac42a2fe52;Carlos Junior;carlos.junior@granitopagamentos.com.br;2025-05-21 09:35:44 -0300;Adicionado correcao de tls na chamada das filas do pagamento instantaneo;NAO
07e5f07e5769e00608fa1d99c5ada7257602fecf;Diego Coelho;iventis.36817@BGNT-0104;2025-05-20 12:39:12 -0300;fix : processamento relatorio de remuneracao;SIM
354254f468e0949517b8b5b074ed54ee8d37c1d1;Diego Coelho;iventis.36817@BGNT-0104;2025-05-20 09:39:28 -0300;fix: Correcoes processamento relatorio;NAO
0c01a4fa6e2bcb510a1e1d447984733e62b7069a;Carlos Eduardo Cavalcante Junior;carlos.junior@granitopagamentos.com.br;2025-05-16 18:31:54 +0000;Merged PR 11945: versão 2.17.11.0;SIM
b190fbf777b38d24ab3c8d052ab8a9678c4f7e20;Diego Coelho;iventis.36817@BGNT-0104;2025-05-16 13:06:47 -0300;fiz: ajuste limitar datas futuras;SIM
eded0487ee3c241bf4df20c9c69a595de2853ec3;Diego Coelho;iventis.36817@BGNT-0104;2025-05-15 16:36:43 -0300;fix: limitar max date para data atual;NAO
fedb313373efd51352a8e1d338ed159f9c021634;Carlos Junior;carlos.junior@granitopagamentos.com.br;2025-05-14 13:58:51 -0300;Incrementado versao 2.17.11.0;NAO
f34a5e070021ae85f63df5efe6731cb735673b5d;Carlos Junior;carlos.junior@granitopagamentos.com.br;2025-05-14 13:56:13 -0300;Merge remote-tracking branch 'origin/hotfix/GDP-163-Corrigir-consulta-Portal-Gestao' into deploy/prod/2025-05-15_v2.17.11.0;SIM
21f741656ebac08472f906ccfd2ae1d578f8a24d;Thiago Soares de Souza;thiago.souza@granitopagamentos.com.br;2025-05-14 16:51:05 +0000;Merged PR 11888: GDP-140-ERRO-RELATORIO-AJUSTE NO DOWNLOAD DE RELATORIOS E RELATORIO FINANCEIRO.;SIM
7892636afeef081ebe5f0593febab71d7a044089;Thiago Soares de Souza;thiago.souza@granitopagamentos.com.br;2025-05-14 11:55:57 -0300;GDP-140-ERRO-RELATORIO-AJUSTE NO DOWNLOAD DE RELATORIOS E RELATORIO FINANCEIRO.;NAO
ace66aa6f957a450b56e2f2d7038a4e6e5dbe30e;Thiago Soares de Souza;thiago.souza@granitopagamentos.com.br;2025-05-14 11:55:57 -0300;GDP-140-ERRO-RELATORIO-AJUSTE NO DOWNLOAD DE RELATORIOS E RELATORIO FINANCEIRO.;NAO
393203241f10a00494b55a90298b017b08affbe9;Carlos Eduardo Cavalcante Junior;carlos.junior@granitopagamentos.com.br;2025-05-14 12:40:14 +0000;Merged PR 11880: versão 2.17.10.0 into develop;SIM
7b72fabbd584f95b2c4b8f3b008d77835095d6d9;Diego Coelho da Silva;iventis.36817@granitopagamentos.com.br;2025-05-13 18:50:23 +0000;Merged PR 11871: fix: formato MM/YYYY;SIM
1732f3178682ec8c2a47b2462b15aa7fd9868581;Diego Coelho;iventis.36817@BGNT-0104;2025-05-13 15:47:36 -0300;fix: formato MM/YYYY;NAO
00ba9beac1053001650ac2cbc541654794c6222f;Diego Coelho da Silva;iventis.36817@granitopagamentos.com.br;2025-05-13 17:38:10 +0000;Merged PR 11866: fix: formato data datapicker;SIM
2e09017a054763769b891ca263e22f4946919227;Diego Coelho;iventis.36817@BGNT-0104;2025-05-13 13:01:12 -0300;fix: formato data datapicker;SIM
cc023bcab81d7f8f2f25da717cc210b5a6dcf26d;Diego Coelho;iventis.36817@BGNT-0104;2025-05-13 12:45:46 -0300;fix : ajuste formato datapicker;NAO
bdfe7252bf071ad1688358bd69c25eff35178dbd;Diego Coelho da Silva;iventis.36817@granitopagamentos.com.br;2025-05-09 18:36:47 +0000;Merged PR 11841: fix: correção datapicker relatorio remuneração;SIM
82c74eacb2526b292f31b1611b0ea4d68ac6eb99;Diego Coelho;iventis.36817@BGNT-0104;2025-05-09 12:45:13 -0300;fix: correção datapicker relatorio remuneração;NAO
818e8a9c3f3bc269654843ae4dddc7bae1ea59c9;Diego Coelho;iventis.36817@BGNT-0104;2025-05-09 12:38:26 -0300;fix: datapicker rel remunreção;NAO
b2bf7360636e654ef5b8b207def9e016703bb7b2;Carlos Junior;carlos.junior@granitopagamentos.com.br;2025-05-09 09:00:42 -0300;Incrementado versao 2.17.10.0;NAO
88cff940fe880b186a7163736516cf6371de98ef;Carlos Junior;carlos.junior@granitopagamentos.com.br;2025-05-09 08:57:29 -0300;Merge remote-tracking branch 'origin/hotfix/GDP-131-Corrigir-timeout-accreditation' into deploy/prod/2025-05-13_v2.17.10.0;SIM
6f1de42bb4381887a4287838fba4b6d8e027a819;Thiago Soares de Souza;thiago.souza@granitopagamentos.com.br;2025-05-08 19:09:14 +0000;Merged PR 11833: hotfix/GDP-131-Corrigir-timeout-accreditation;SIM
23b747b14e21de25fdb6783ed70efae07be43622;Thiago Soares de Souza;thiago.souza@granitopagamentos.com.br;2025-05-08 16:06:11 -0300;hotfix/GDP-131-Corrigir-timeout-accreditation-into-integracao;NAO
e14d5f07809423c2f21f613452c454e7743df955;Thiago Soares de Souza;thiago.souza@granitopagamentos.com.br;2025-05-08 16:01:38 -0300;hotfix/GDP-131-Corrigir-timeout-accreditation- Se informar um idCliente igual a zero retornar mensagem e não chamar a accreditation;NAO
7e16c5f1af7897ccc89d0df40d837aa85c3022be;Thiago Soares de Souza;thiago.souza@granitopagamentos.com.br;2025-05-08 16:01:38 -0300;hotfix/GDP-131-Corrigir-timeout-accreditation- Se informar um idCliente igual a zero retornar mensagem e não chamar a accreditation;NAO
affc8c61d3adb93240cef3815735f9dae2acd7a1;Diego Coelho da Silva;iventis.36817@granitopagamentos.com.br;2025-05-07 19:16:09 +0000;Merged PR 11808: fix: botao download;SIM
f375d18edb3f7f32cd19e19461fc00d0f00125f9;Diego Coelho;iventis.36817@BGNT-0104;2025-05-07 16:11:44 -0300;fix: download arquivo;SIM
a9e753dda68faec21624e0c6085059a954b3bc21;Diego Coelho;iventis.36817@BGNT-0104;2025-05-07 16:07:53 -0300;fix: ajuste botao download;NAO
9a8500773031417fd5f4e1824d42863879670b37;Marco Lucio Sartori Andrade;iteris.425@granitopagamentos.com.br;2025-05-07 18:45:00 +0000;Merged PR 11805: Correção caso a data de processamento da transação de cobrança seja null.;SIM
03570a2c25c279ce6c162700fb59da4ac67c42be;Marco Lucio Sartori Andrade;iteris.425@granitopagamentos.com.br;2025-05-07 15:38:46 -0300;Merge branch 'feature/instant-payment-1.3.0' into tmp/instant-payment-1.3.0;SIM
95a8298b39125436c19d53d8b27c90d06bca8afc;Marco Lucio Sartori Andrade;iteris.425@granitopagamentos.com.br;2025-05-07 15:37:58 -0300;Correção caso a data de processamento da transação de cobrança seja null.;NAO
aa3c27c93f9be5246ea2af60b6db0b422cf81125;Diego Coelho da Silva;iventis.36817@granitopagamentos.com.br;2025-05-06 20:28:45 +0000;Merged PR 11793: fix: correção tipo de dados;SIM
0df5b486dcd4a7d517cec0b0b5f54daf949d3b3f;Diego Coelho;iventis.36817@BGNT-0104;2025-05-06 17:27:07 -0300;fix: corrigir tipo de dados;SIM
3d2be60c527eac4b25c5430183e8c0e2c19f16f1;Diego Coelho;iventis.36817@BGNT-0104;2025-05-06 17:24:44 -0300;fix: ajuste conversao por mudanca tipo tabela;NAO
ce3d3cf3a0503508fb9219b3fbbabf6cb2b1fa55;Diego Coelho da Silva;iventis.36817@granitopagamentos.com.br;2025-05-06 17:35:15 +0000;Merged PR 11774: fix: Correções relatório remuneraçãototal;SIM
a6ea45f713effec357f42a5ebc601e5c05dc9cc7;Diego Coelho;iventis.36817@BGNT-0104;2025-05-06 14:28:20 -0300;fix: Incluir tratamento evitar nova solicitação enquanto processa;SIM
bed9dde9b7862e2efb0797090a54de0c254bd873;Diego Coelho;iventis.36817@BGNT-0104;2025-05-06 14:24:09 -0300;fix : incluir trava repetir solicitanção enquanto procesando;NAO
fed42f4baa141c231a6b15adb106fee5458b09ae;Diego Coelho;iventis.36817@BGNT-0104;2025-05-06 10:15:21 -0300;fix: correcoes relatorio de remuneração total;SIM
5e583e24d227f049760b805aab3361026fb59b20;Carlos Eduardo Cavalcante Junior;carlos.junior@granitopagamentos.com.br;2025-05-06 13:14:37 +0000;Merged PR 11772: Cobranca Pagins;SIM
5481b226641e529440e8e0333072263b20240275;Carlos Junior;carlos.junior@granitopagamentos.com.br;2025-05-06 09:52:53 -0300;merge conflitos;SIM
23b560895b03528e6eaadb0eed751d4df940e6d6;Diego Coelho;iventis.36817@BGNT-0104;2025-05-06 09:14:57 -0300;fix : correções processamento arquivo relatorio remuneração;NAO
029213bda7cd5d09744a7edf109cdc1387ae0b4d;Diego Coelho;iventis.36817@BGNT-0104;2025-05-05 16:43:01 -0300;fix: download arquivo remuneração gerado;NAO
822bdedf47132e5e66201cfceab301ccd1d0aee7;Thiago Soares de Souza;thiago.souza@granitopagamentos.com.br;2025-05-05 14:44:19 +0000;Merged PR 11752: Adicionando ordenação alfabética na consulta que retorna os tipos de transações;SIM
c449aecc7f668cff2485f429724cf6a3222f8a8a;João Pedro Souza;joaop.souza@granitopagamentos.com.br;2025-04-28 10:57:19 -0300;Adicionando ordenação alfabética na consulta que retorna os tipos de transações;NAO
79aea21d25a2f197343aa46a61c1fe62f2083e3c;Diego Coelho;iventis.36817@BGNT-0104;2025-04-30 16:04:04 -0300;fix: Ajuste exclusao de arquivos antigo;NAO
d44e809acefa21e5ed721a6622422cf9aa51af70;Diego Coelho;iventis.36817@BGNT-0104;2025-04-30 09:57:22 -0300;fix:tornar metodo asincrono;NAO
97396171f71dbe5e3d43fb2cf9011b20ab960745;Thiago Soares de Souza;thiago.souza@granitopagamentos.com.br;2025-04-30 12:18:27 +0000;Merged PR 11733: GDP-163-Corrigir-consulta-Portal-Gestao erro na DaoPDV coluna não existe.;SIM
4d3dd46a4d27aa4409b4542ced6d493b8eaa3939;Thiago Soares de Souza;thiago.souza@granitopagamentos.com.br;2025-04-30 08:36:53 -0300;GDP-163-Corrigir-consulta-Portal-Gestao erro na DaoPDV coluna não existe.;NAO
8b6d40bd395c4cfd9d99d7fd387303545000abd2;Thiago Soares de Souza;thiago.souza@granitopagamentos.com.br;2025-04-30 08:36:53 -0300;GDP-163-Corrigir-consulta-Portal-Gestao erro na DaoPDV coluna não existe.;NAO
3816364ebb9c0748a7e7b16907749cfb904dafae;Leandro Teixeira da Silva;iteris.100653@granitopagamentos.com.br;2025-04-23 19:05:27 +0000;Merged PR 11657: Develop iteris para deploy integração;SIM
ecdc0dad48dc63df7dc17fe139c91c8bc3a47b23;iteris.100653;iteris.100653@granitopagamentos.com.br;2025-04-23 16:00:30 -0300;FilesPathRede apontando para rede;NAO
e912032105956a61c44838d11903ad327e5ec14d;iteris.100653;iteris.100653@granitopagamentos.com.br;2025-04-23 15:57:19 -0300;Ajustes webconfig;NAO
5144f4be555f3fea3e864ae0140742e902fc0922;Carlos Junior;carlos.junior@granitopagamentos.com.br;2025-04-23 15:40:10 -0300;Retornado código que consta a chamada pra base 3 api pro pagamento instantaneo;NAO
e7c80be31ddc6cac7ca1c2bc7900603ee368e7e0;iteris.100653;iteris.100653@granitopagamentos.com.br;2025-04-23 15:18:36 -0300;Ajustes pós merge;SIM
a5425229748dc6bf233c1cc4569072fbc128db66;iteris.100653;iteris.100653@granitopagamentos.com.br;2025-04-23 13:46:00 -0300;Ajustes pós Merge;NAO
284034c42426a5e06056357cfc6d52a1eba72b1c;Thiago Soares de Souza;thiago.souza@granitopagamentos.com.br;2025-04-23 16:43:39 +0000;Merged PR 11654: GDP-140-Falha-relatorio-remuneracao-parceiro;SIM
d83323d16da4248692fbea82bed96fdb50a3b93b;Thiago Soares de Souza;thiago.souza@granitopagamentos.com.br;2025-04-23 11:03:18 -0300;GDP-140-Falha-relatorio-remuneracao-parceiro Atualizadas as funções gerarRelatorioClientesBNB, gerarRelatorioNFe e gerarRelatorioCRM em Relatorios.js para incluir uma verificação de response.Status. Se o status indicar um erro, um modal exibirá a mensagem de erro; caso contrário, o usuário será redirecionado para baixar o relatório. Isso melhora o feedback ao usuário durante falhas na geração de relatórios.;NAO
bbc1cdc2f0f6499f0a4901b93f52139bbdbc897a;iteris.100653;iteris.100653@granitopagamentos.com.br;2025-04-22 19:34:24 -0300;Ajustesa pós Merge;SIM
6b4d28c37a8f903d65c30ed213786233f36728ce;Carlos Eduardo Cavalcante Junior;carlos.junior@granitopagamentos.com.br;2025-04-17 01:04:43 +0000;Merged PR 11550: v.2.17.9.0 into develop;SIM
7e6cc2ffa3c4f364fbc815c4aea68847b21e665d;Thiago Soares de Souza;thiago.souza@granitopagamentos.com.br;2025-04-16 14:41:37 +0000;Merged PR 11409: GDP-140-Falha-relatorio-remuneracao-parceiro-Introduz uma nova configuração p...;SIM
c07f544e90e66f08fc9b13737259a2a1926b56c4;Thiago Soares de Souza;thiago.souza@granitopagamentos.com.br;2025-04-16 11:35:32 -0300;GDP-140-Falha-relatorio-remuneracao-parceiro-Melhorar mensagens de log no RelatoriosController;NAO
683c6af72e477e0dd677dceae14a36c35780060e;Thiago Luz de Sousa;Iteris.2370@granitopagamentos.com.br;2025-04-16 11:38:02 +0000;Merged PR 11385: Feature INT-2210 Obtem ApiKey do Secrets Manager;SIM
60cc1d82296a8174dcc2762ac8f92752ff6f66c7;Thiago Soares de Souza;thiago.souza@granitopagamentos.com.br;2025-04-14 17:01:59 -0300;GDP-140-Falha-relatorio-remuneracao-parceiro;NAO
a1a143e36bffeae6e0aafcaca450875f62397202;Thiago Soares de Souza;thiago.souza@granitopagamentos.com.br;2025-04-10 15:16:02 -0300;GDP-140-Falha-relatoiro-remuneracao-parceiro-Melhorar o registro de logs e o manuseio de arquivos em Utils e Controller Funcionalidade de registro de logs atualizada no PAGOUtils para incluir níveis de log. Modificado o método CriaArquivoZip para aceitar um parâmetro adicional de caminho de arquivo e introduzido um novo método ApagarArquivosAntigos para melhorar a lógica de exclusão de arquivos.;NAO
6ece757604510e1d22d782cce8e6dd56ab05c693;Thiago Soares de Souza;thiago.souza@granitopagamentos.com.br;2025-04-10 14:35:33 -0300;GDP-140-Falha-relatoiro-remuneracao-parceiro-Melhorar o tratamento de erros e o registro de logs no PAGOUtils Introduzido o método TrataExcecao para melhorar o registro de exceções. Renomeado CriaArquivoZipRemuneracao para CriaArquivoZip com parâmetros atualizados e registro de logs aprimorado. Melhorado o registro de logs e o tratamento de erros no método ExportarRelatorioRemuneracaoTotal. Estrutura geral do código melhorada para melhor legibilidade e manutenção.;NAO
579be977da1fb5ac7d7844d2fd6fb97416019aa0;Thiago Soares de Souza;thiago.souza@granitopagamentos.com.br;2025-04-09 11:35:33 -0300;GDP-140-Falha-relatorio-remuneracao-parceiro-Introduz uma nova configuração pathLocalRemuneracao no Web.config para caminhos de arquivos de remuneração locais. Atualiza ReleaseData.cs para incluir essa configuração e adiciona o método CriaArquivoZipRemuneracao em Utils.cs para compactação de arquivos. Modifica ParceiroController.cs para utilizar o novo caminho nas operações de arquivo, garantindo um manuseio consistente dos arquivos.;NAO
f6697ce91bd462075e7fca287116df71de94254e;Thiago Luz de Sousa;Iteris.2370@granitopagamentos.com.br;2025-04-14 16:00:52 -0300;Alterações sugeridas pelo cadu no code review;NAO
9cdcebbe69debd56ebc3d0a815ebcb17aba60633;Carlos Junior;carlos.junior@granitopagamentos.com.br;2025-04-10 10:17:16 -0300;Incrementado versão 2.17.9.0;NAO
5f296424af72d67ae667d82ec50825e3d5e49eab;Carlos Junior;carlos.junior@granitopagamentos.com.br;2025-04-10 10:10:55 -0300;Merge remote-tracking branch 'origin/STI-16484-Lancamento-ajuste' into deploy/prod/2025-04-10_v2.17.9.0;SIM
7ce30015222db384cb40961145ed3357c4c7893c;Carlos Junior;carlos.junior@granitopagamentos.com.br;2025-04-10 10:10:37 -0300;Merge remote-tracking branch 'origin/feature/STI-00000-Parametrizacao-Pagamento-Instantaneo' into deploy/prod/2025-04-10_v2.17.9.0;SIM
5281f25230b44b1c441c18faedf91606ff16a0cf;Antonio Carlos Ferreira de Azevedo;antonio.azevedo@granitopagamentos.com.br;2025-04-09 17:08:43 +0000;Merged PR 11419: deploy/prod/Portal-20250402-v2.17.8.0 into develop;SIM
55beb39f02c3d07f96cebedb204f69aad8654946;Thiago Luz de Sousa;Iteris.2370@granitopagamentos.com.br;2025-04-07 16:36:07 -0300;redefine as credenciais da aws;NAO
da84ecd215bbfcab07d0c13eac388e3ec2011dea;Thiago Luz de Sousa;Iteris.2370@granitopagamentos.com.br;2025-04-07 16:34:02 -0300;Adiciona biblioteca do secrets manager para obter api key das APIs do Intershop;NAO
e74fa7b47bceb98770aa55675d282cef056f5222;Thiago Luz de Sousa;Iteris.2370@granitopagamentos.com.br;2025-04-07 14:23:02 +0000;Merged PR 11204: INT-2246 Corrige bug ao listar menu gerenciamento ecommerce;SIM
ad932d9b61822bc14442f516f5836e12171f3eed;Thiago Luz de Sousa;Iteris.2370@granitopagamentos.com.br;2025-04-07 10:39:46 -0300;Merge branch 'temp/devIteris_ntegracao' into bug/int-2246;SIM
d3b45af01bb6aa0926f9393b4a60e99b254a7171;Leonardo Mendes Gomes dos Santos;iteris.2335@granitopagamentos.com.br;2025-04-07 13:21:05 +0000;Merged PR 11290: INT-2271: esconde dados de autenticacao na tela de configuracao de webhook;SIM
5cac0f3bbb2ce65e843cb578d140f1e5e69254cb;Thomas Henrique de Sousa Ferraz;weai.37351@granitopagamentos.com.br;2025-04-07 12:46:56 +0000;Merged PR 11371: Correção Combo Taxa;SIM
8e0210fbb08672802c315c16769f285ae0e42694;Thomas Henrique de Sousa Ferraz;weai.37351@granitopagamentos.com.br;2025-04-07 12:43:40 +0000;Merged PR 11370: Correção para o Combo Carregar antes de editar;SIM
1d8bc4ab9d32020797c24ca3ecbca3bca3c0a9d5;Thomas Henrique de Sousa Ferraz;weai.37351@granitopagamentos.com.br;2025-04-07 09:20:48 -0300;Correção para o Combo Carregar antes de editar;NAO
fe970fe61d46be9eed7175c2e23622d401e83c79;iteris.100653;iteris.100653@granitopagamentos.com.br;2025-04-04 21:46:02 -0300;Ajustes de webconfig e ClientePrincipal;NAO
6ad479417c5764ce02f30b54aec6385b91aad9b2;iteris.100653;iteris.100653@granitopagamentos.com.br;2025-04-04 20:17:08 -0300;Ajuste do webconfig;NAO
f01ead6d26d30bfebd155c12baef86933f1ff8cc;iteris.100653;iteris.100653@granitopagamentos.com.br;2025-04-04 15:53:40 -0300;Alterado DaoInstantPaymentApi;NAO
c0d4ae279dcc0b6df97b4b95d0dfcae3243b4772;Thomas Henrique de Sousa Ferraz;weai.37351@granitopagamentos.com.br;2025-04-04 16:29:10 +0000;Merged PR 11346: Criação parametrizaçao Usuário Pagamento Instantaneo;SIM
0c65ae4093f0a738bca662fc25f86a28b01da652;Thomas Henrique de Sousa Ferraz;weai.37351@granitopagamentos.com.br;2025-04-04 15:17:51 +0000;Merged PR 11345: Criação do Parametro para o Usuário poder ou não liberar pagamento instantaneo;SIM
88a75befeaea5d47c7ad86fcea26cb849b4f3d35;Thomas Henrique de Sousa Ferraz;weai.37351@granitopagamentos.com.br;2025-04-04 12:08:48 -0300;Criação do Parametro para o Usuário poder ou não liberar pagamento instantaneo;NAO
9859fc9afa143b4f4888543420cd4ab58b948428;Marco Lucio Sartori Andrade;iteris.425@granitopagamentos.com.br;2025-04-04 13:51:31 +0000;Merged PR 11338: Remoção de propriedades não utilizadas no histórico de processamento de transações do pagamento instantâneo;SIM
3f3fcec11756be9be91aa84e46f2caec548c4fd1;Marco Lucio Sartori Andrade;iteris.425@granitopagamentos.com.br;2025-04-04 10:49:10 -0300;Merge branch 'feature/instant-payment-1.3.0' into tmp/instant-payment-1.3.0;SIM
2c6fb7c2aaaecd7b389bda1cc8bbcab7e38f8847;Marco Lucio Sartori Andrade;iteris.425@granitopagamentos.com.br;2025-04-04 10:47:14 -0300;Remoção de propriedades não utilizadas no histórico de processamento de transações do pagamento instantâneo.;NAO
1ed1d6b2321800ee99ab7bff9267571f0f4c5323;Leonardo Mendes Gomes dos Santos;iteris.2335@granitopagamentos.com.br;2025-04-02 17:46:31 -0300;feat: escondendo chave de autenticacao;NAO
61b217912edda68263bd0331053c0cd73ab3a0c3;Leandro Teixeira da Silva;iteris.100653@granitopagamentos.com.br;2025-04-02 16:39:51 +0000;Merged PR 11272: Revert 'Develop Iteris para deploy integração';SIM
f01cbb704eecd63b141b587ed2e36e8a2e695221;Leandro Teixeira da Silva;iteris.100653@granitopagamentos.com.br;2025-04-02 13:56:42 +0000;Revert "Merged PR 11259: Develop Iteris para deploy integração";NAO
402e094a724d974db7e3457feb51019417872f39;Marco Lucio Sartori Andrade;iteris.425@granitopagamentos.com.br;2025-04-02 12:55:40 +0000;Merged PR 11270: Correção para não adicionar cobrança no grid de pagamentos da agenda financeira;SIM
efaf0eaadf3904f0620dc0b450b6bd324a48e5ea;Marco Lucio Sartori Andrade;iteris.425@granitopagamentos.com.br;2025-04-02 09:44:27 -0300;Merge branch 'feature/instant-payment-1.3.0' into tmp/instant-payment-1.3.0;SIM
6e081d35ac2d7761b6a70b7c4f50710b54669105;Marco Lucio Sartori Andrade;iteris.425@granitopagamentos.com.br;2025-04-02 09:43:23 -0300;Correção para não adicionar cobrança no grid de pagamentos da agenda financeira.;NAO
69e6f3d4a22a3eebfc4bd22394291f22f6e7d97f;Leandro Teixeira da Silva;iteris.100653@granitopagamentos.com.br;2025-04-01 19:14:33 +0000;Merged PR 11259: Develop Iteris para deploy integração;SIM
077c9ef93316e7358266319d8b9b603277cb220b;Thiago Soares de Souza;thiago.souza@bmggranito.com.br;2025-04-01 18:37:13 +0000;Merged PR 11243: STI-16484-Lancamento-ajuste-Melhoria no tratamento de transações em DaoLancam...;SIM
4b9741449c5c21c9b6feeeb6343b26b9e2dcef8c;iteris.100653;iteris.100653@granitopagamentos.com.br;2025-04-01 12:43:43 -0300;Merge develop-iteris;NAO
0778a31f08cb9eb2af8ee2821b438d4856f6f902;iteris.100653;iteris.100653@granitopagamentos.com.br;2025-04-01 12:42:11 -0300;Aplicado merge com develop-iteris;SIM
b069b927b6aa1f02381e6191d09058f8aec6d553;iteris.100653;iteris.100653@granitopagamentos.com.br;2025-04-01 12:10:34 -0300;Ajustado Client principal js;NAO
53b05d109e366fcbbcb4c4a4a72424a89936303b;Thiago Soares de Souza;thiago.souza@granitopagamentos.com.br;2025-04-01 09:40:44 -0300;STI-16484-Lancamento-ajuste-Melhoria no tratamento de transações em DaoLancamentoManual.cs Melhorias na gestão de transações e erros para lançamentos manuais. Introduzido um mecanismo de bloqueio para evitar duplicatas, adicionado idTransacao para rastreamento e reestruturada a lógica de rollback/commit. Melhoradas as mensagens de erro e garantida a liberação adequada de recursos após as operações.;NAO
2c3c99b4da79e171f6c966fcf47c70d304ecfcaa;Thiago Soares de Souza;thiago.souza@granitopagamentos.com.br;2025-04-01 09:40:44 -0300;STI-16484-Lancamento-ajuste-Melhoria no tratamento de transações em DaoLancamentoManual.cs Melhorias na gestão de transações e erros para lançamentos manuais. Introduzido um mecanismo de bloqueio para evitar duplicatas, adicionado idTransacao para rastreamento e reestruturada a lógica de rollback/commit. Melhoradas as mensagens de erro e garantida a liberação adequada de recursos após as operações.;NAO
a73ee3d9ecd419bc726e28c6348bb997ee16ef8a;iteris.100653;iteris.100653@granitopagamentos.com.br;2025-03-31 18:35:28 -0300;Merge develop;SIM
3bdc3ce9740ef0d3ba62a7543757490786a9bb71;Marco Lucio Sartori Andrade;iteris.425@granitopagamentos.com.br;2025-03-31 19:18:44 +0000;Merged PR 11231: Correção ao listar transações de pagamento instantâneo para não adicionar na agenda financeira a transação original com base na transação de cancelamento;SIM
6e1611522ad7aef80569ee2699c7ffa63d150921;Marco Lucio Sartori Andrade;iteris.425@granitopagamentos.com.br;2025-03-31 16:00:16 -0300;Merge branch 'feature/instant-payment-1.3.0' into tmp/instant-payment-1.3.0;SIM
570490c2c017842fcfaa7132583a5446ec094e17;Marco Lucio Sartori Andrade;iteris.425@granitopagamentos.com.br;2025-03-31 15:59:13 -0300;Correção ao listar transações de pagamento instantâneo para não adicionar na agenda financeira a transação original com base na transação de cancelamento caso ela não seja retornada através de api por conta dos filtros de tela.;NAO
a6e95b4b60009888202362b44c53d799948bba0e;Antonio Carlos Ferreira de Azevedo;antonio.azevedo@granitopagamentos.com.br;2025-03-31 14:53:07 -0300;Incremento de versão 2.17.8.0;NAO
44032dfa4cc9264d6c65beae1c4db551eeeb80aa;Antonio Carlos Ferreira de Azevedo;antonio.azevedo@granitopagamentos.com.br;2025-03-31 14:51:05 -0300;Merge remote-tracking branch 'origin/feature/GDP-84-ajuste-reativacao' into deploy/prod/Portal-20250402-v2.17.8.0;SIM
0bc66e454909eab426b22722b9bf93d607c489b7;Marco Lucio Sartori Andrade;iteris.425@granitopagamentos.com.br;2025-03-31 16:45:59 +0000;Merged PR 11219: Pequeno ajuste nos enums do pagamento instantâneo e Correção na identificação de transações canceladas;SIM
364174ee3c694210c23c9fefe97e33672c4becde;Antonio Carlos Ferreira de Azevedo;antonio.azevedo@granitopagamentos.com.br;2025-03-31 14:32:17 +0000;Merged PR 11220: deploy/prod/Portal-20250328-v2.17.7.0 into develop;SIM
476c75fddf6f74501bddfe50f51336d8877e6b39;Marco Lucio Sartori Andrade;iteris.425@granitopagamentos.com.br;2025-03-31 11:28:30 -0300;Merge branch 'feature/instant-payment-1.3.0' into tmp/instant-payment-1.3.0;SIM
6fc3fe3466b132989aa6d9cecd2779e0f551f1d0;Marco Lucio Sartori Andrade;iteris.425@granitopagamentos.com.br;2025-03-31 11:27:43 -0300;Correção na identificação de transações canceladas.;NAO
c65e0dd1ded054132f8eacd8f50a1f204af1f8bf;Marco Lucio Sartori Andrade;iteris.425@granitopagamentos.com.br;2025-03-31 10:58:41 -0300;Pequeno ajuste nos enums do pagamento instantâneo.;NAO
6e6e7c2c394aa18957aeb74ec0cecc9a48e49ab8;Marco Lucio Sartori Andrade;iteris.425@granitopagamentos.com.br;2025-03-31 10:58:41 -0300;Pequeno ajuste nos enums do pagamento instantâneo.;NAO
244f60afd77499b2997710dce425f83faf315253;Marco Lucio Sartori Andrade;iteris.425@granitopagamentos.com.br;2025-03-31 12:54:09 +0000;Merged PR 11215: Refatoração completa do código de consumo de transações da api de pagamento instantâneo.;SIM
c1a4ddcf8cbfd788256e831aa96e8d857e0375cf;Marco Lucio Sartori Andrade;iteris.425@granitopagamentos.com.br;2025-03-31 09:50:23 -0300;Merge from branch feature/instant-payment-1.3.0;SIM
1e5baf25c7c684d84d63122ec8ab9aa5acfa9729;Thiago Luz de Sousa;Iteris.2370@granitopagamentos.com.br;2025-03-28 14:44:47 -0300;Adiciona na session as flags da aba de parametros no cadastro do cliente.;NAO
9734efeb044e988588e9ec13a8bb64ab6fb7c0c4;Antonio Carlos Ferreira de Azevedo;antonio.azevedo@granitopagamentos.com.br;2025-03-28 10:55:27 -0300;Incremento de versão 2.17.7.0;NAO
91b621db1a5008e1bec085d6bb2eefc2c09c2b7f;Antonio Carlos Ferreira de Azevedo;antonio.azevedo@granitopagamentos.com.br;2025-03-28 10:53:05 -0300;Merge remote-tracking branch 'origin/feature/GDP-118-Configuracao-cadastro-tabela-empresas' into deploy/prod/Portal-20250328-v2.17.7.0;SIM
3bb550c1f983a45886fe7600e455b304a230d7c7;Antonio Carlos Ferreira de Azevedo;antonio.azevedo@granitopagamentos.com.br;2025-03-28 12:59:37 +0000;Merged PR 11201: deploy/prod/Portal-20250325-v2.17.6.0 into develop;SIM
8f5f226602886cc3899b2abc42358f2927748648;Marco Lucio Sartori Andrade;iteris.425@granitopagamentos.com.br;2025-03-27 15:39:36 -0300;Remoção de using não utilizado.;NAO
c3cc716604aad1dd60bcddce08f49c4d20eeb1b7;Leandro Teixeira da Silva;iteris.100653@granitopagamentos.com.br;2025-03-27 17:57:36 +0000;Merged PR 11175: Aplicação da correção do bug 2236 Inconsistência no comportamento da tela de...;SIM
7402718b04533b289b3e53f1f193a8424016098e;iteris.100653;iteris.100653@granitopagamentos.com.br;2025-03-27 14:41:18 -0300;Correção do bug 2249 Ajustar cenário de erro no carregamento do modal de detalhes de webhook;NAO
d4fd1b3e7ce621db0e50dad319223c7de3148b40;iteris.100653;iteris.100653@granitopagamentos.com.br;2025-03-27 12:29:51 -0300;Aplicação da correção do bug 2236 Inconsistência no comportamento da tela de cadastro de webhook;NAO
ab52094512248fd124529fc03d31642064a47850;Marco Lucio Sartori Andrade;iteris.425@granitopagamentos.com.br;2025-03-27 12:18:25 -0300;Merge from develop;SIM
7e6323a2c3a4b14c44b993fbd867ebab77887112;Marco Lucio Sartori Andrade;iteris.425@granitopagamentos.com.br;2025-03-27 12:15:47 -0300;Refatoração do código que busca transações de pagamento instantâneo para a agenda financeira.;NAO
fee8548525b69c769703a7ea1d9ac782dfda9223;Thiago Soares de Souza;thiago.souza@bmggranito.com.br;2025-03-26 19:02:38 +0000;Merged PR 11152: GDP-118-Configuracao-cadastro-tabela-empresas;SIM
cc94ba20c1999e19aaeb3ccffe1fc2c53f19924c;Thiago Soares de Souza;thiago.souza@granitopagamentos.com.br;2025-03-26 14:48:03 -0300;GDP-118-Configuracao-cadastro-tabela-empresas Introduzido o método RetornaTelefoneUsuarioCliente para buscar números de telefone de usuários no banco de dados. Atualizada a lógica de inserção e atualização de dados do cliente para incluir números de telefone e códigos postais na tabela Empresas. Adicionado TipoContatoEnum para definir tipos de contato (telefone e e-mail) para melhor filtragem de consultas.;NAO
572ead8c7cf0fb950e107343e2684ad82346543b;Thiago Soares de Souza;thiago.souza@granitopagamentos.com.br;2025-03-26 14:48:03 -0300;GDP-118-Configuracao-cadastro-tabela-empresas Introduzido o método RetornaTelefoneUsuarioCliente para buscar números de telefone de usuários no banco de dados. Atualizada a lógica de inserção e atualização de dados do cliente para incluir números de telefone e códigos postais na tabela Empresas. Adicionado TipoContatoEnum para definir tipos de contato (telefone e e-mail) para melhor filtragem de consultas.;NAO
dd5fa7ee3ffe3d17672d17d6d7fc9c38a92a7e9a;Antonio Carlos Ferreira de Azevedo;antonio.azevedo@granitopagamentos.com.br;2025-03-24 15:44:43 -0300;Incremento de Versão 2.17.6.0;NAO
e4e40b2a67e97d80fbce5ef638c429f2c99eb486;Antonio Carlos Ferreira de Azevedo;antonio.azevedo@granitopagamentos.com.br;2025-03-24 15:43:19 -0300;Merge remote-tracking branch 'origin/feature/PAGINS-494-alteraConsultaCancelamento_rename' into deploy/prod/Portal-20250325-v2.17.6.0;SIM
7e1ca5bee680076785beaf01855dbed638b7f235;Antonio Carlos Ferreira de Azevedo;antonio.azevedo@granitopagamentos.com.br;2025-03-24 13:57:01 +0000;Merged PR 11099: deploy/prod/Utils-20250320-v1.2.1.0 into develop;SIM
dc9b66e6a3ba333eb09bdd8a893d9fcc598268f2;Antonio Carlos Ferreira de Azevedo;antonio.azevedo@granitopagamentos.com.br;2025-03-24 13:28:03 +0000;Merged PR 11098: deploy/prod/Portal-20250320-v2.17.5.0 into develop;SIM
3437bf1b39c286c5d127b83a541f9b343926a78a;Carlos Junior;carlos.junior@granitopagamentos.com.br;2025-03-21 14:54:34 -0300;Adicionado log de erro quando erro ao consultar query pagins;NAO
0aecb4244c8458be1879889bee1e76882d762b53;Carlos Junior;carlos.junior@bmggranito.com.br;2025-03-21 14:31:31 +0000;Merged PR 11068: pagamento instantaneo into integracao;SIM
4ad958f8ea09e24af078b2f3f8c425def485b2fc;Carlos Junior;carlos.junior@granitopagamentos.com.br;2025-03-20 16:07:18 -0300;Merge branch 'feature/PAGINS-472-alteraConsultaCancelamento' into tmp/PAGINS;SIM
e6918263c79a2b229adcfab6d083bd20d052378d;Carlos Junior;carlos.junior@granitopagamentos.com.br;2025-03-20 15:02:19 -0300;Merge remote-tracking branch 'origin/develop' into feature/PAGINS-472-alteraConsultaCancelamento;SIM
cf6f7765107b3daed7a1add3d7acdb95842a0888;Carlos Junior;carlos.junior@granitopagamentos.com.br;2025-03-20 14:55:45 -0300;Adicionado correcao para contemplar transacoes pendente de cancelamento no pagamento instantaneo;NAO
a629861d0882dc09e5421970b12782c48dccaa29;Antonio Carlos Ferreira de Azevedo;antonio.azevedo@granitopagamentos.com.br;2025-03-20 13:49:17 -0300;Incremento de versão 1.2.1.0;NAO
28aaadc83225de47ccd630cfb986b78e36adea43;Antonio Carlos Ferreira de Azevedo;antonio.azevedo@granitopagamentos.com.br;2025-03-20 13:48:20 -0300;Merge remote-tracking branch 'origin/feature/HealthCheck' into deploy/prod/Utils-20250320-v1.2.1.0;SIM
bfc9337c428b2cd1a1d18332c122d94e62f040c3;Antonio Carlos Ferreira de Azevedo;antonio.azevedo@granitopagamentos.com.br;2025-03-20 13:33:34 -0300;Incremento de versão 2.17.5.0;NAO
2c72c53516015b16c9e6603ab95b3c04787d3a49;Antonio Carlos Ferreira de Azevedo;antonio.azevedo@granitopagamentos.com.br;2025-03-20 13:28:32 -0300;Merge remote-tracking branch 'origin/feature/HealthCheck' into deploy/prod/Portal-20250320-v2.17.4.0;SIM
965528013dcd2113b42a59329c684593f4483155;Antonio Carlos Ferreira de Azevedo;antonio.azevedo@granitopagamentos.com.br;2025-03-20 13:27:09 -0300;Merge remote-tracking branch 'origin/fix/botao-novo-lancamento-agenda' into deploy/prod/Portal-20250320-v2.17.4.0;SIM
7ad096e16a155e096e5c2af7efcc953c93004468;Antonio Carlos Ferreira de Azevedo;antonio.azevedo@granitopagamentos.com.br;2025-03-19 17:44:28 +0000;Merged PR 11044: deploy/prod/utils-20250318-v1.2.0.0 into develop;SIM
7567e1a1fee4c79cf47c32a1ebf328b11686d3c9;Antonio Carlos Ferreira de Azevedo;antonio.azevedo@granitopagamentos.com.br;2025-03-18 17:06:02 -0300;Incremento de Versão 1.2.0.0;NAO
7a3b57693fa64a8908d496b1018c5552bbb8ad4e;Leandro Teixeira da Silva;iteris.100653@granitopagamentos.com.br;2025-03-18 19:09:05 +0000;Merged PR 11036: Removido o retorno e regra de exibição do tipo de autenticação Basic;SIM
229bb8b02c20a1522019c1c0b29bd6718a2b728c;iteris.100653;iteris.100653@granitopagamentos.com.br;2025-03-18 15:23:50 -0300;Removido o retorno e regra de exibição do tipo de autenticação Basic;NAO
af05fb986578b4469c92740b168853f8230777a8;Leandro Teixeira da Silva;iteris.100653@granitopagamentos.com.br;2025-03-17 12:45:40 +0000;Merged PR 10983: Alterado modo de consulta a empresas secundárias;NAO
1905af8ca79e9d259ce64d2fea2674b3c91331b7;iteris.100653;iteris.100653@granitopagamentos.com.br;2025-03-11 16:21:54 -0300;Merge branch 'develop' into develop-iteris;SIM
905e9e74ff4b11e1bb383e9bb86fef405afd5de2;iteris.100653;iteris.100653@granitopagamentos.com.br;2025-03-11 16:21:37 -0300;Merge branch 'develop-iteris' of https://pagocartoes.visualstudio.com/management-portals/_git/web-portal into develop-iteris;SIM
6d17585dd770e5d34b58f8132ac11ad36f991a6c;Leonardo Mendes Gomes dos Santos;iteris.2335@granitopagamentos.com.br;2025-03-10 18:01:29 +0000;Merged PR 10856: INT-2163: cria validacao regex para as credenciais de autenticacao webhook;SIM
e896c9800c6607878d1149159e19a64277423b45;João Hugo Marinho Maimone;iventis.14729@granitopagamentos.com.br;2025-03-10 17:53:27 +0000;Merged PR 10947: fix: habilitando botão novo lançamento agenda financeira e correção tipos de transação;SIM
962786288cffb00903523f91abe4d51fae322fd5;Leonardo Mendes Gomes dos Santos;iteris.2335@granitopagamentos.com.br;2025-03-10 14:39:44 -0300;feat: corrige operador logico para manter o padrao;NAO
05ecd22489a27dea9cdd3d8983af6f07529e2e2b;Leonardo Mendes Gomes dos Santos;iteris.2335@granitopagamentos.com.br;2025-03-10 12:54:17 -0300;feat: corrigindo apontamento feitos no PR.;NAO
c2d51928348baebe56118343daafbd768bb87b0e;João Hugo Marinho Maimone;iventis.14729@granitopagamentos.com.br;2025-03-10 12:21:12 -0300;Merge branch 'fix/botao-novo-lancamento-agenda' into merge/int/botao-novo-lancamento-agenda;SIM
d9451e284bf31072383ef0dceb6a53d935b29235;João Hugo Marinho Maimone;iventis.14729@granitopagamentos.com.br;2025-03-10 12:18:06 -0300;Merge branch 'develop' into fix/botao-novo-lancamento-agenda;SIM
b2c1be5ea1c3564944a306535b0f5693d2a1ebd4;João Hugo Marinho Maimone;iventis.14729@granitopagamentos.com.br;2025-03-10 12:17:16 -0300;fix: habilitando botao novo lançamento agenda financeira e correção tipos de transacao;NAO
7724eb8cf9aad34339ee427ef6afa5d9e881d7dc;Antonio Carlos Ferreira de Azevedo;antonio.azevedo@granitopagamentos.com.br;2025-03-10 14:16:05 +0000;Merged PR 10933: deploy/prod/20250306-v2.17.4.0 into develop;SIM
7bcb6f0cb558dff20b8efe82c97844b289fe577b;Fernando José Barbosa Cardos;iventis.07615@granitopagamentos.com.br;2025-03-07 14:18:11 +0000;Merged PR 10896: PFT-188 e PFT-189;SIM
ff54c8911221cddc4b1b4ab6b9046757a044705d;Fernando José Barbosa Cardos;iventis.07615@granitopagamentos.com.br;2025-03-07 14:10:29 +0000;Merged PR 10895: Aumento do intervalo de consulta (03 meses) - Aba Consultar Agenda Financeira;SIM
16cad2ba4a3105f289a796688fa366c2639ebc5b;Fernando José Barbosa Cardos;iventis.07615@granitopagamentos.com.br;2025-03-07 13:35:16 +0000;Merged PR 10894: Aumento do intervalo de consulta (03 meses) - Aba "Consultar transações";SIM
21461a9f0ac5a1a721cf9d61b27f115172be44eb;BMGGRANITOiventis.07615;Iventis.07615@granitopagamentos.com.br;2025-03-06 17:29:28 -0300;Aumento do intervalo de consulta (03 meses) - Aba Consultar Agenda Financeira;NAO
f32d63bbf107a530b490f8b693e553f8cf9ee461;BMGGRANITOiventis.07615;Iventis.07615@granitopagamentos.com.br;2025-03-06 17:23:32 -0300;Aumento do intervalo de consulta (03 meses) - Aba "Consultar transações";NAO
749a47a01a502c33ccbcba894b356a2e5e4dc0fa;iteris.100653;iteris.100653@granitopagamentos.com.br;2025-03-06 15:15:20 -0300;Merge branch 'develop' into develop-iteris;SIM
43c4fe74dbfd763a8ce8aa916b28293a80b67e2a;iteris.100653;iteris.100653@granitopagamentos.com.br;2025-03-06 15:15:05 -0300;Merge branch 'develop-iteris' of https://pagocartoes.visualstudio.com/management-portals/_git/web-portal into develop-iteris;SIM
111e6040c5d99c8f29386b3cd09df384ff738bc8;João Hugo Marinho Maimone;iventis.14729@granitopagamentos.com.br;2025-03-06 15:05:45 +0000;Merged PR 10861: merge: att integracao com develop;SIM
500ffa7c3983ded4395dd5e590eb67c249b87f01;João Hugo Marinho Maimone;iventis.14729@granitopagamentos.com.br;2025-03-06 12:00:13 -0300;merge: att integracao com develop;SIM
29312a1b401a8b87b9df9accc3dad3b8e13dc4b0;Antonio Carlos Ferreira de Azevedo;antonio.azevedo@granitopagamentos.com.br;2025-03-06 10:59:20 -0300;Incremento de versão 2.17.4.0;NAO
042b51e149aac5abc618596f66e28563a950e1c2;Antonio Carlos Ferreira de Azevedo;antonio.azevedo@granitopagamentos.com.br;2025-03-06 10:55:06 -0300;Merge remote-tracking branch 'origin/feature/GDP-74-Mapeamento-novo-status' into deploy/prod/20250306-v2.17.4.0;SIM
b6fbb1f7237567a76b31a01528ab40a7a4fddc9c;Antonio Carlos Ferreira de Azevedo;antonio.azevedo@granitopagamentos.com.br;2025-03-06 12:54:34 +0000;Merged PR 10858: deploy/prod/20250227-v2.17.3.0 into develop;SIM
17141d73e4acea7e350f1c3244093e3171a1e7b8;Leonardo Mendes Gomes dos Santos;iteris.2335@granitopagamentos.com.br;2025-03-05 17:01:34 -0300;feat: removendo espaco do regex;NAO
31d62d20c7381ee5621c2cf0e944ac67d14a36b9;Leonardo Mendes Gomes dos Santos;iteris.2335@granitopagamentos.com.br;2025-03-05 16:33:07 -0300;feat: removendo regex do caracter '=';NAO
096fd9f00f1125c4e9bca7cc4024b18036c9987d;Leonardo Mendes Gomes dos Santos;iteris.2335@granitopagamentos.com.br;2025-03-05 16:25:16 -0300;feat: corrige regex;NAO
